[{"id":"2cf2fabb-c222-4411-b37d-e5d6ab4c18b3","path":"/init.ipynb"},{"id":"2b2cb45d-0dfd-45c9-b2b1-59ecd3f759f7","path":"/notebook.ipynb"},{"id":"f47cf6eb-771a-4cff-a5f3-28dbfec5579a","path":"/requirements.txt"},{"id":"22cd99e1-1dcb-4ad0-9c1b-9420995de75d","path":"/form_factor_data"},{"id":"cae1474a-0335-4560-9dce-5b642bc96d05","path":"/form_factor_data/Cov_BBBA07_Orig.csv"},{"id":"78be5e4c-53b4-4154-afb7-6b15552a8590","path":"/form_factor_data/Fa_BBBA07_Orig.csv"},{"id":"edc61860-1943-4625-a6f9-05520779fb72","path":"/xsec_data"},{"id":"3bf4671a-4afb-47e2-9a03-1db2567237b7","path":"/xsec_conversion"},{"id":"846f25b8-1f38-415f-8b34-654c8f4767e0","path":"/xsec_conversion/bbba2005_fa0.csv"},{"id":"127fbd52-1a9a-40ca-8def-85731e9f8f0a","path":"/xsec_conversion/bbba2005_fa1.csv"},{"id":"f9b92648-f0e0-4023-90d5-f95e3a0259d0","path":"/xsec_conversion/bbba2005_fa2.csv"},{"id":"97daada0-9bb4-4f14-9cf8-6d445fe1385a","path":"/xsec_conversion/coeff_FAfv1.csv"},{"id":"f84b010a-1099-4f8f-bf35-e5b2d3cc1938","path":"/xsec_conversion/coeff_FAsq.csv"},{"id":"65575b77-e9ff-4e6a-837f-feb7eeaf21f6","path":"/xsec_conversion/coeff_FAxifv2.csv"},{"id":"f3559faf-c1d4-4313-b1b0-0066a3085340","path":"/xsec_conversion/coeff_fv1sq.csv"},{"id":"caf0258c-fe67-428d-812e-55addda506a3","path":"/xsec_conversion/coeff_fv1xifv2.csv"},{"id":"e678f398-2d9a-48c1-9ca1-69ef82ec0774","path":"/xsec_conversion/coeff_xifv2sq.csv"},{"id":"420f7ef5-8964-4146-b1e0-edea0e3dac2f","path":"/xsec_data/Cov_Xsec_Orig.csv"},{"id":"3c26b2ea-df1f-447b-8250-51562bfb4483","path":"/xsec_data/xsec_Orig.csv"}]